{"cameraMode":{"drawMode":0,"name":"Shaded","section":"Shading Mode"},"sceneLighting":false,"audioPlay":false,"sceneViewState":{"showFog":true,"showMaterialUpdate":false,"showSkybox":true,"showFlares":true,"showImageEffects":true,"showParticleSystems":true},"in2DMode":false,"pivot":{"x":-0.0457535982131958,"y":0.614086389541626,"z":-0.1350073218345642},"rotation":{"x":0.2950266897678375,"y":0.6447266340255737,"z":-0.297510027885437,"w":0.6393548846244812},"size":3.55470871925354,"orthographic":false}